<?xml version="1.0" encoding="UTF-8" ?>
<!DOCTYPE mapper PUBLIC "-//mybatis.org//DTD Mapper 3.0//EN"
        "http://mybatis.org/dtd/mybatis-3-mapper.dtd">
<mapper namespace="com.processmining.logdeploy.autodeploy.dao.ProjectDao">

    <resultMap id="projectMap" type="com.processmining.logdeploy.autodeploy.entity.Project">
        <id column="id" property="id"/>
        <result column="name" property="name"/>
        <result column="description" property="description"/>
    </resultMap>

    <insert id="addProject">
        insert into project(`name`, description, user_id)
        values(#{project.name}, #{project.description}, #{project.user_id})
    </insert>

    <select id="getAllProject" resultType="com.processmining.logdeploy.autodeploy.entity.Project">
        select id, `name`, description, user_id from project where user_id=#{user_id}
    </select>

    <select id="getCollect" resultType="com.processmining.logdeploy.autodeploy.entity.Collect">
        select id, `name`, deploy_id, created, is_default, log_name, project_id from collect where project_id=#{project_id}
    </select>

    <delete id="deleteProjectByID">
        delete from project where id=#{id}
    </delete>

    <delete id="deleteCollectByProjectID">
        delete from collect where project_id=#{id}
    </delete>

    <delete id="deleteCollectByID">
        delete from collect where id=#{id}
    </delete>

</mapper>